answer,api request id,model,created,finish_reason,original,ChatGPT prediction,explanation,completion_tokens,prompt_tokens,request_tokens,completion_cost,prompt_cost,request_cost,time_taken_per_request
0,chatcmpl-7GvxBSYuWkTljJWtsmGYEx60JcsCN,gpt-3.5-turbo-0301,1684270377,stop,Approval,Speed,The member's response relates to the speed of the proposed changes.,28,432,460,5.60E-05,0.000864,0.00092,4
1,chatcmpl-7GvxEdaIz409oE2NqgEEBt5A05P45,gpt-3.5-turbo-0301,1684270380,stop,Transparency,Speed,Member emphasizes the need for quick action to regain trust and prevent further loss of members.,32,443,475,6.40E-05,0.000886,0.00095,4
2,chatcmpl-7GvxI976nHdBsEuwsTLqfMSgPULrj,gpt-3.5-turbo-0301,1684270384,stop,Leading by example,Leading by example,The member's comment suggests a need for the CompanyX to set a high standard and be seen as getting it right.,41,429,470,8.20E-05,0.000858,0.00094,4
3,chatcmpl-7GvxMNnSvnpPuPtMUXYfPcpC9kVQu,gpt-3.5-turbo-0301,1684270388,stop,Approval,Leading by example,Member suggests CompanyX should implement changes and set an example for other organizations.,32,434,466,6.40E-05,0.000868,0.000932,4
4,chatcmpl-7GvxQrlDacPN4OQcCdKBNqZdhwKeh,gpt-3.5-turbo-0301,1684270392,stop,More detail needed,More detail needed,Member suggests a need for a clearer vision statement for the proposed cultural renewal.,32,447,479,6.40E-05,0.000894,0.000958,4
5,chatcmpl-7GvxTOyXC5tBzWdItQOM8dnIoQN57,gpt-3.5-turbo-0301,1684270395,stop,Disappointment in previous processes,More detail needed,The member is seeking more information about the monitoring process.,28,418,446,5.60E-05,0.000836,0.000892,4
6,chatcmpl-7GvxXzzgn8xMM1VOgjqR4LCid2OJo,gpt-3.5-turbo-0301,1684270399,stop,More detail needed,More detail needed,The member is expressing a need for more information and clarity about the proposed changes.,33,451,484,6.60E-05,0.000902,0.000968,3
7,chatcmpl-7GvxaosBIdFGtlK7s5z2izEF8aSvY,gpt-3.5-turbo-0301,1684270402,stop,Transparency,Leading by example,"Emphasizes the importance of leadership in driving cultural change, rather than bureaucratic processes.",34,470,504,6.80E-05,0.00094,0.001008,4
8,chatcmpl-7GvxeCBkdaPnZmWBWwSHho584I5ly,gpt-3.5-turbo-0301,1684270406,stop,Needs processes,Concern over future,The answer expresses concern about future issues and the need for safeguards and reviews.,32,431,463,6.40E-05,0.000862,0.000926,4
9,chatcmpl-7GvxiaAxpAHC2wb5tStFVyE1PfgwK,gpt-3.5-turbo-0301,1684270410,stop,Approval,Approval,The member participant expressed support for the CompanyX's proposal for cultural renewal.,30,419,449,6.00E-05,0.000838,0.000898,4
10,chatcmpl-7GvxmNZhiCeQHTkVIVxhfDwaIEi8F,gpt-3.5-turbo-0301,1684270414,stop,Transparency,Transparency,The member's response highlights the importance of transparency and regaining trust through sharing review findings and forward plans with members.,39,437,476,7.80E-05,0.000874,0.000952,3
11,chatcmpl-7GvxqmI7Rxdr8yKhTPLeMIWYGuOFL,gpt-3.5-turbo-0301,1684270418,stop,Leading by example,Leading by example,The member's response suggests a desire for the CompanyX to lead by example in their proposed cultural renewal.,38,410,448,7.60E-05,0.00082,0.000896,4
12,chatcmpl-7Gvxu9eyBEbWBVBS8RYpCbfbfSwOc,gpt-3.5-turbo-0301,1684270422,stop,Approval,Approval,The member participant's response shows approval of the CompanyX's proposal for cultural renewal.,32,409,441,6.40E-05,0.000818,0.000882,4
13,chatcmpl-7Gvxy1x6jDdve2eMrnj3mxca4TBav,gpt-3.5-turbo-0301,1684270426,stop,Approval,Approval,The member's response shows support for the CompanyX's proposal for cultural renewal.,31,412,443,6.20E-05,0.000824,0.000886,4
14,chatcmpl-7Gvy1VIkyYFwziGlInPKaNS7PLpJR,gpt-3.5-turbo-0301,1684270429,stop,Approval,Leading by example,The member is praising the CompanyX's proposal and suggesting that other companies should follow suit.,35,425,460,7.00E-05,0.00085,0.00092,4
15,chatcmpl-7Gvy5drrnq3XSUzn6rsI3x90Yp7wR,gpt-3.5-turbo-0301,1684270433,stop,Transparency,Transparency,The member's response emphasizes the importance of transparency in the CompanyX's proposal for cultural renewal.,35,443,478,7.00E-05,0.000886,0.000956,4
16,chatcmpl-7Gvy9lc4sbHYbshgaJvyqaFTrzyM0,gpt-3.5-turbo-0301,1684270437,stop,Disappointment in previous processes,Disappointment in previous processes,The member expresses disappointment in the handling of the situation.,30,414,444,6.00E-05,0.000828,0.000888,4
17,chatcmpl-7GvyDSQGRWM5rBWFQr4QzKV2sHxWO,gpt-3.5-turbo-0301,1684270441,stop,Other,Concern over future,The member expresses concern over the direction and representation of the CompanyX in the future.,34,604,638,6.80E-05,0.001208,0.001276,4
18,chatcmpl-7GvyHES7T6woNXiWS0a4v7xtFnFr2,gpt-3.5-turbo-0301,1684270445,stop,Transparency,Trust,The member expresses a need for regular updates to develop confidence and trust in the organization.,32,444,476,6.40E-05,0.000888,0.000952,5
19,chatcmpl-7GvyrH1NxPtJd0TmyRaJgpa6OQhFi,gpt-3.5-turbo-0301,1684270481,stop,Leading by example,Concern over future,Member emphasizes the need for long-term change and ongoing investment.,29,480,509,5.80E-05,0.00096,0.001018,4
20,chatcmpl-7Gvyu5wTpjAU4dZnWMHjVp3tnzKBz,gpt-3.5-turbo-0301,1684270484,stop,Approval,Approval,The member expressed full support for the CompanyX's proposal for cultural renewal.,30,412,442,6.00E-05,0.000824,0.000884,4
21,chatcmpl-7GvyyZFRBn9uBN0TyHUGIbkn4UDL2,gpt-3.5-turbo-0301,1684270488,stop,Approval,Approval,The member participant expressed support for the CompanyX's proposal for cultural renewal.,30,418,448,6.00E-05,0.000836,0.000896,4
22,chatcmpl-7Gvz1t8UfjPYNUGRcGr9kuF1Wvokg,gpt-3.5-turbo-0301,1684270491,stop,Other,Concern over effectiveness,Member expresses concern over the effectiveness of CompanyX's cultural renewal proposal,31,508,539,6.20E-05,0.001016,0.001078,4
23,chatcmpl-7Gvz5LtGr4tlSViEjDHOn6exWgHD1,gpt-3.5-turbo-0301,1684270495,stop,New leadership,CBI purpose,"The answer mentions challenges around purpose and relevance, which aligns with the 'CompanyX purpose' topic.",38,467,505,7.60E-05,0.000934,0.00101,4
24,chatcmpl-7GvzAJ7YvZwZNHRCylwaFE0UEGIsJ,gpt-3.5-turbo-0301,1684270500,stop,Support for staff,Support for staff,The answer expresses concern for employees' well-being and the need for a safe and effective reporting system.,37,465,502,7.40E-05,0.00093,0.001004,5
25,chatcmpl-7GvzE2lJTLo9zaHiq370D8wpQDdBB,gpt-3.5-turbo-0301,1684270504,stop,Transparency,Transparency,The member's answer relates to the topic of transparency in the CompanyX's proposal for cultural renewal.,36,416,452,7.20E-05,0.000832,0.000904,5
26,chatcmpl-7GvzJoZcym2XdPbkEegtkMGHt6LdC,gpt-3.5-turbo-0301,1684270509,stop,Other,Disappointment in previous processes,The member expresses disappointment in the previous communication strategy of the CompanyX's leadership.,35,483,518,7.00E-05,0.000966,0.001036,4
27,chatcmpl-7GvzMx4k6iUQM2Si2aYq05ppNbHz9,gpt-3.5-turbo-0301,1684270512,stop,Transparency,Needs processes,Member suggests more focus on board to support transformation and ensure appropriate challenge and support.,32,443,475,6.40E-05,0.000886,0.00095,4
28,chatcmpl-7GvzRZNSjyplAq9rUZDN66jBM0qqx,gpt-3.5-turbo-0301,1684270517,stop,More detail needed,More detail needed,The member is requesting more specific information and action points regarding the proposal.,31,438,469,6.20E-05,0.000876,0.000938,3
29,chatcmpl-7GvzVmRc0XOKDohsqtsRGNitqu7hC,gpt-3.5-turbo-0301,1684270521,stop,Approval,Approval,The member participant approves of the proposal for cultural renewal.,26,424,450,5.20E-05,0.000848,0.0009,4
30,chatcmpl-7GvzYSuIpSzj46WWksEWyplxdTIes,gpt-3.5-turbo-0301,1684270524,stop,More detail needed,More detail needed,"Member requests a detailed, milestone-based transformation plan.",27,457,484,5.40E-05,0.000914,0.000968,4
31,chatcmpl-7GvzbDb8ecNL2PRnlN7HPjr2IOnYp,gpt-3.5-turbo-0301,1684270527,stop,Leading by example,Concern over future,The member expresses concern over the possibility of the CompanyX disappearing and hopes for a cultural renewal to address toxic behavior.,40,490,530,8.00E-05,0.00098,0.00106,4
32,chatcmpl-7GvzfQzWSwjDIgxguNAq6kJV78KfF,gpt-3.5-turbo-0301,1684270531,stop,CBI purpose,Support for staff,The member supports the CompanyX's process for cultural renewal to rebuild trust and support amongst staff.,36,514,550,7.20E-05,0.001028,0.0011,4
33,chatcmpl-7GvzjXICROkoPv5FAiptpaw6eSjLI,gpt-3.5-turbo-0301,1684270535,stop,Transparency,Transparency,The member emphasizes the importance of transparency and transformation from previous CompanyX.,30,442,472,6.00E-05,0.000884,0.000944,4
34,chatcmpl-7Gvzn6HNc1A3fMpSylt17ZybqKORL,gpt-3.5-turbo-0301,1684270539,stop,Other,Disappointment in previous processes,Member expresses disappointment in previous CompanyX initiatives and suggests a different approach.,33,503,536,6.60E-05,0.001006,0.001072,4
35,chatcmpl-7GvzrJxMadsr3VWL5Q190LpeyLer7,gpt-3.5-turbo-0301,1684270543,stop,More detail needed,Transparency,Member is concerned about how CompanyX will demonstrate actual performance in defining future behavior and culture.,34,503,537,6.80E-05,0.001006,0.001074,5
36,chatcmpl-7GvzuLZk5C8bZUyI0oD8Wizhql70J,gpt-3.5-turbo-0301,1684270546,stop,Transparency,Concern over future,Member emphasizes the need for ongoing cultural renewal and careful messaging to ensure credibility and validity of outcomes.,36,541,577,7.20E-05,0.001082,0.001154,5
37,chatcmpl-7GvzyynC1KbACO85FIT48sb0ip5FZ,gpt-3.5-turbo-0301,1684270550,stop,New leadership,New leadership,The answer suggests a need for change in leadership and governance to address past mishandling.,34,447,481,6.80E-05,0.000894,0.000962,4
38,chatcmpl-7Gw02KNw6N3SkR4DyBfhgaRaDVQJC,gpt-3.5-turbo-0301,1684270554,stop,Approval,Concern over future,Member expresses concern over future and looks to CompanyX for guidance and assurance,32,457,489,6.40E-05,0.000914,0.000978,4
39,chatcmpl-7Gw06vBHDcA5XPdKNh8gDXlSy2SXg,gpt-3.5-turbo-0301,1684270558,stop,Approval,Leading by example,"The member's response praises the professionalism and character of CompanyX personnel, indicating a positive example being set.",38,428,466,7.60E-05,0.000856,0.000932,3
40,chatcmpl-7Gw0Ap7CWEF11nlQOn2VxrU6lqLaa,gpt-3.5-turbo-0301,1684270562,stop,Leading by example,Member inclusion,The member suggests prioritizing members with similar cultural values and removing those who do not uphold CompanyX values.,37,479,516,7.40E-05,0.000958,0.001032,4
41,chatcmpl-7Gw0EG8GRw3ACiFATO5NnLuIYm4Nk,gpt-3.5-turbo-0301,1684270566,stop,Transparency,Leading by example,The member is emphasizing the importance of the CompanyX setting an example and delivering on cultural renewal.,36,423,459,7.20E-05,0.000846,0.000918,36
42,chatcmpl-7Gw0ISwpuIrxdN4J2mt6z2MtCKtkF,gpt-3.5-turbo-0301,1684270570,stop,Needs processes,Transparency,"The member's answer suggests a need for formal channels for reporting, indicating a concern for transparency.",35,422,457,7.00E-05,0.000844,0.000914,4
43,chatcmpl-7Gw0M43gndl2Xx5ueN5tDcYbCmN2T,gpt-3.5-turbo-0301,1684270574,stop,Member inclusion,CBI purpose,Member expresses concern over CompanyX's political behavior and lack of commercial focus.,32,488,520,6.40E-05,0.000976,0.00104,4
44,chatcmpl-7Gw0PFblG8hLJhqZP53Hf3EbWrLYS,gpt-3.5-turbo-0301,1684270577,stop,Approval,Leading by example,The answer emphasizes the importance of values and culture from top leadership and governing board.,33,440,473,6.60E-05,0.00088,0.000946,4
45,chatcmpl-7Gw0TBUw1SYXReMoQakyWri6Wb4uF,gpt-3.5-turbo-0301,1684270581,stop,Trust,Trust,The member expresses skepticism about the need for cultural renewal and questions the loss of trust narrative.,33,567,600,6.60E-05,0.001134,0.0012,5
46,chatcmpl-7Gw0X1qtHHPYdtUbGDa9pR8NG1D8g,gpt-3.5-turbo-0301,1684270585,stop,Concern over future,Disappointment in previous processes,The member expresses concern over the CompanyX's damaged reputation and doubts its ability to recover.,37,469,506,7.40E-05,0.000938,0.001012,4
47,chatcmpl-7Gw0bVRdWVx2QRECFoE0KfAZ4f6yG,gpt-3.5-turbo-0301,1684270589,stop,Concern over future,Concern over future,The member expresses concern over the CompanyX's future and its ability to represent businesses effectively.,35,486,521,7.00E-05,0.000972,0.001042,4
48,chatcmpl-7Gw0gdV8wz7GEpdA3YXDndeuQZg6G,gpt-3.5-turbo-0301,1684270594,stop,Speed,Speed,The member's response suggests a priority for quick action and implementation.,28,413,441,5.60E-05,0.000826,0.000882,4
49,chatcmpl-7Gw0jZ3uSbAle9hPG8cKzxecJoaOc,gpt-3.5-turbo-0301,1684270597,stop,Approval,Leading by example,"The member is suggesting the need for visible commitment to a new future, which falls under the topic of Leading by example.",41,421,462,8.20E-05,0.000842,0.000924,4
50,chatcmpl-7Gw0oXCDsS4vfk5UaOSt4lfzejYwN,gpt-3.5-turbo-0301,1684270602,stop,More detail needed,More detail needed,Member requests more information before being able to provide a thorough comment.,30,422,452,6.00E-05,0.000844,0.000904,3
51,chatcmpl-7Gw0sGXy4rAvsIrTdut5tJvm8cvFM,gpt-3.5-turbo-0301,1684270606,stop,Approval,Approval,The member participant approves of the CompanyX's proposal for cultural renewal.,29,410,439,5.80E-05,0.00082,0.000878,4
52,chatcmpl-7Gw0w4J4qyz3nU319Njw4yIc9xqnj,gpt-3.5-turbo-0301,1684270610,stop,Approval,More detail needed,Member suggests that more information is required before making any drastic changes.,30,427,457,6.00E-05,0.000854,0.000914,4
53,chatcmpl-7Gw0zlqfL9o28Ucb7v9hEBSyNhXnc,gpt-3.5-turbo-0301,1684270613,stop,Approval,More detail needed,Member wants more information before making a decision,26,418,444,5.20E-05,0.000836,0.000888,4
54,chatcmpl-7Gw12WlEaqztZq1UqxanboJwgSpsj,gpt-3.5-turbo-0301,1684270616,stop,More detail needed,More detail needed,The member's response suggests a need for more information and clarity on the proposed changes.,34,464,498,6.80E-05,0.000928,0.000996,4
55,chatcmpl-7Gw16HPv4JYyfKedpmZMrgeVRgSc9,gpt-3.5-turbo-0301,1684270620,stop,Approval,Approval,The member participant approves of the CompanyX's proposal for cultural renewal.,29,410,439,5.80E-05,0.00082,0.000878,4
56,chatcmpl-7Gw19lG3mPeL5uPH9phz1vTo3dsRF,gpt-3.5-turbo-0301,1684270623,stop,Approval,Approval,The member participant approves of the CompanyX's proposal for cultural renewal.,29,421,450,5.80E-05,0.000842,0.0009,4
57,chatcmpl-7Gw1DRpkGziihJKYLpszNcwtcu5vt,gpt-3.5-turbo-0301,1684270627,stop,Approval,Approval,Positive response to CompanyX's proposal for cultural renewal,26,430,456,5.20E-05,0.00086,0.000912,4
58,chatcmpl-7Gw1GbhslAY4VRFer95UScOStjsQI,gpt-3.5-turbo-0301,1684270630,stop,Needs processes,Support for staff,"The member acknowledges the CompanyX's positive impact on businesses and families during Covid, and urges the organization to retain its benefits for its membership.",45,547,592,9.00E-05,0.001094,0.001184,4
59,chatcmpl-7Gw1Kw6vveOzLZvwJxy1g9k3skJlM,gpt-3.5-turbo-0301,1684270634,stop,Other,Leading by example,The answer suggests a belief in continuous improvement and setting an example for others to follow.,34,414,448,6.80E-05,0.000828,0.000896,4
60,chatcmpl-7Gw1OKUsbQfnq6RcfPTEx9KPb40yc,gpt-3.5-turbo-0301,1684270638,stop,Outside input,Outside input,Member suggests that external perspectives are valuable for cultural renewal process.,28,447,475,5.60E-05,0.000894,0.00095,4
61,chatcmpl-7Gw1SvzsucBAF8D8x8bc8GdXmeYzR,gpt-3.5-turbo-0301,1684270642,stop,Approval,Approval,The member participant approves of the CompanyX's proposal for cultural renewal.,29,413,442,5.80E-05,0.000826,0.000884,4
62,chatcmpl-7Gw1VMTYmfXLaFMzUAIpkQPSkmTtT,gpt-3.5-turbo-0301,1684270645,stop,Speed,Concern over future,Member expresses concern over losing more members and emphasizes the importance of success.,31,468,499,6.20E-05,0.000936,0.000998,4
63,chatcmpl-7Gw1Z0DeGmJPFxQj4gbqXlhGekHVt,gpt-3.5-turbo-0301,1684270649,stop,Approval,Approval,Member approves of CompanyX's handling of difficult situation.,26,424,450,5.20E-05,0.000848,0.0009,3
64,chatcmpl-7Gw1cmhW4Bi27wYcGCAC9UXSWWw1l,gpt-3.5-turbo-0301,1684270652,stop,Outside input,Outside input,The member suggests appointing third party advisers for cultural renewal.,28,421,449,5.60E-05,0.000842,0.000898,4
65,chatcmpl-7Gw1gzuID51NShFuG4dAY3ukuFjA9,gpt-3.5-turbo-0301,1684270656,stop,Other,More detail needed,The member is unsure of the proposed actions and requires more information.,30,414,444,6.00E-05,0.000828,0.000888,4
66,chatcmpl-7Gw2FczsTSK6Iaw2WbfLCVIWKIxlk,gpt-3.5-turbo-0301,1684270691,stop,Approval,Disappointment in previous processes,Member acknowledges past issues but has not personally experienced them.,30,450,480,6.00E-05,0.0009,0.00096,4
67,chatcmpl-7Gw2JzGOsCRbSOLkEEYD58UGAAo29,gpt-3.5-turbo-0301,1684270695,stop,More detail needed,More detail needed,The member is interested in the proposal but requires more information.,29,420,449,5.80E-05,0.00084,0.000898,4
68,chatcmpl-7Gw2MpOXYZNIcQEmmo2D0UiN31Ju1,gpt-3.5-turbo-0301,1684270698,stop,Approval,Approval,The member participant approves of the CompanyX's proposal for cultural renewal.,29,413,442,5.80E-05,0.000826,0.000884,5
69,chatcmpl-7Gw2QrtF933guZ3fVAX0bLRSdPyeJ,gpt-3.5-turbo-0301,1684270702,stop,More detail needed,More detail needed,The member is seeking more information about the process and timeline of the proposal.,32,434,466,6.40E-05,0.000868,0.000932,4
70,chatcmpl-7Gw2UXk5OfeM6bMg7TJ2oVM7j9OmR,gpt-3.5-turbo-0301,1684270706,stop,Needs processes,Needs processes,Suggests a whistle blower arrangement run by an external company to catch poor behavior.,34,473,507,6.80E-05,0.000946,0.001014,4
71,chatcmpl-7Gw2X58olPPCX52gjbuO563fTkqLq,gpt-3.5-turbo-0301,1684270709,stop,More detail needed,More detail needed,Member wants more information on governance review,25,413,438,5.00E-05,0.000826,0.000876,4
72,chatcmpl-7Gw2bZuDY2uNQPFzl5FEsaosoxzzy,gpt-3.5-turbo-0301,1684270713,stop,Transparency,Speed,Member wants changes implemented quickly,21,421,442,4.20E-05,0.000842,0.000884,5
73,chatcmpl-7Gw2eu3Z8o2EMaULah1JrtlNATVy9,gpt-3.5-turbo-0301,1684270716,stop,Approval,Needs processes,The member believes that the CompanyX's proposal for cultural renewal needs more defined processes.,33,413,446,6.60E-05,0.000826,0.000892,4
74,chatcmpl-7Gw2i3EjZI8LjsN8lxnoqhvGx9uRR,gpt-3.5-turbo-0301,1684270720,stop,Other,New leadership,Member suggests a change in leadership approach and ownership of change.,28,426,454,5.60E-05,0.000852,0.000908,4
75,chatcmpl-7Gw2mKbuOrqMFnRgIHHRntgCsFKqv,gpt-3.5-turbo-0301,1684270724,stop,Approval,Disappointment in previous processes,Negative sentiment towards previous cultural reviews and lack of personal experience with suggested actions.,34,457,491,6.80E-05,0.000914,0.000982,4
76,chatcmpl-7Gw2pKJ6EA3vn7Yqalru6eOQ21HoL,gpt-3.5-turbo-0301,1684270727,stop,Support for staff,More detail needed,The member suggests that more detail is needed on the proposed cultural renewal.,31,456,487,6.20E-05,0.000912,0.000974,4
77,chatcmpl-7Gw2ulXDEXNqMGGZUQ6P3uF5Rcf2T,gpt-3.5-turbo-0301,1684270732,stop,Approval,Speed,The member's response suggests a need for urgency in implementing the proposal.,29,413,442,5.80E-05,0.000826,0.000884,4
78,chatcmpl-7Gw2xLqcAGbhxmpd42Lr91W9rrSib,gpt-3.5-turbo-0301,1684270735,stop,Disappointment in previous processes,Disappointment in previous processes,The member expressed disappointment in the CompanyX's lack of proactivity in culture and diversity.,37,430,467,7.40E-05,0.00086,0.000934,5
79,chatcmpl-7Gw3Xe3admi8wr9xsXcALjPj9srwV,gpt-3.5-turbo-0301,1684270771,stop,Transparency,Transparency,The member's response highlights the importance of transparency in the CompanyX's reform process.,33,438,471,6.60E-05,0.000876,0.000942,3
80,chatcmpl-7Gw3b6yz3G5zK1EJjHUlNzdGoYZXI,gpt-3.5-turbo-0301,1684270775,stop,Approval,Approval,Positive response indicating support for the CompanyX's proposal for cultural renewal.,29,421,450,5.80E-05,0.000842,0.0009,4
81,chatcmpl-7Gw3eiDICJMarbF8wRfUrFQQCVQG9,gpt-3.5-turbo-0301,1684270778,stop,More detail needed,Disappointment in previous processes,The member expresses disappointment in the previous processes and lack of addressing shocking behavior.,34,463,497,6.80E-05,0.000926,0.000994,4
82,chatcmpl-7Gw3i5Z9SuBgEyTr0HyAml7J6qQ3x,gpt-3.5-turbo-0301,1684270782,stop,Approval,Needs processes,The member is concerned about the implementation process.,25,417,442,5.00E-05,0.000834,0.000884,4
83,chatcmpl-7Gw3lYzCOJQdjMP8aGxAbNnka17E3,gpt-3.5-turbo-0301,1684270785,stop,CBI purpose,Concern over future,The member expresses concern over the CompanyX's future and its value proposition.,32,485,517,6.40E-05,0.00097,0.001034,4
84,chatcmpl-7Gw3pKnDCtZj5G7N7S5lKOA2dXZDh,gpt-3.5-turbo-0301,1684270789,stop,Approval,Approval,The member participant approves of the CompanyX's proposal for cultural renewal.,29,416,445,5.80E-05,0.000832,0.00089,3
85,chatcmpl-7Gw3tn3sqeXgcJ4PupG8h3CrusWus,gpt-3.5-turbo-0301,1684270793,stop,Speed,Concern over future,The member's response suggests a concern over the length of time it will take to achieve cultural renewal.,37,413,450,7.40E-05,0.000826,0.0009,4
86,chatcmpl-7Gw3xqo4egC5VV1e2gINlxA2izUEV,gpt-3.5-turbo-0301,1684270797,stop,Transparency,Transparency,The member is suggesting regular updates to build back trust and transparency.,29,436,465,5.80E-05,0.000872,0.00093,4
87,chatcmpl-7Gw40YMdY4TGH8DPhaIuXOicJUU1d,gpt-3.5-turbo-0301,1684270800,stop,Support for staff,Member inclusion,The member emphasizes the need for co-development and nurturing of workforce culture with membership involvement.,33,517,550,6.60E-05,0.001034,0.0011,5
88,chatcmpl-7Gw446nc8fSTR0C72OD9aDtccFnh4,gpt-3.5-turbo-0301,1684270804,stop,New leadership,Leading by example,"Member expresses concern over current or ex employees leading change, suggesting need for outside input.",34,443,477,6.80E-05,0.000886,0.000954,3
89,chatcmpl-7Gw48md9HxY8sFxcDwk3Q2RPwySRY,gpt-3.5-turbo-0301,1684270808,stop,Concerns over effectiveness,Concerns over effectiveness,Member doubts the potential efficacy and sees it as a PR stunt.,31,501,532,6.20E-05,0.001002,0.001064,6
90,chatcmpl-7Gw4CQzpBIuFZLntUpa3irdkDERXu,gpt-3.5-turbo-0301,1684270812,stop,Approval,CBI purpose,"The member's response suggests a need for a cultural overhaul, which falls under the CompanyX's purpose.",38,418,456,7.60E-05,0.000836,0.000912,4
91,chatcmpl-7Gw4GGEQmkE7KMcpp5IFMgm3oSQNW,gpt-3.5-turbo-0301,1684270816,stop,New leadership,New leadership,"The answer suggests a need for reforming governance, which falls under the topic of new leadership.",35,427,462,7.00E-05,0.000854,0.000924,4
92,chatcmpl-7Gw4KkTmKPjmTgYMRIJrvqQynDHEh,gpt-3.5-turbo-0301,1684270820,stop,Transparency,Transparency,The member is emphasizing the need for openness and transparency in the CompanyX's proposal for cultural renewal.,36,454,490,7.20E-05,0.000908,0.00098,4
93,chatcmpl-7Gw4OqL593pmA6G7OyHfs8KcqmO8v,gpt-3.5-turbo-0301,1684270824,stop,Approval,Approval,The member participant approves of the CompanyX's proposal for cultural renewal.,29,411,440,5.80E-05,0.000822,0.00088,4
94,chatcmpl-7Gw4SmktEHnG7wpIBFYarWS3pugDi,gpt-3.5-turbo-0301,1684270828,stop,Approval,Approval,The member's response shows approval of the CompanyX's proposal for cultural renewal.,31,418,449,6.20E-05,0.000836,0.000898,4
95,chatcmpl-7Gw4VAZXBvGM70Rem8PEkfKjczCN3,gpt-3.5-turbo-0301,1684270831,stop,Approval,Concern over future,The member expresses concern over the future of the CompanyX due to recent negative media attention.,35,442,477,7.00E-05,0.000884,0.000954,4
96,chatcmpl-7Gw4Zge9MlVPNXPtjqGVQY4mbGywf,gpt-3.5-turbo-0301,1684270835,stop,Outside input,Transparency,The member is emphasizing the importance of transparency and safety in the CompanyX's cultural renewal proposal.,35,435,470,7.00E-05,0.00087,0.00094,4
97,chatcmpl-7Gw4dRaXRWQ7xZbshZrmuPR2YRkvU,gpt-3.5-turbo-0301,1684270839,stop,Transparency,Outside input,Member suggests external evaluation and critique for thoroughness and inclusivity.,29,430,459,5.80E-05,0.00086,0.000918,4
98,chatcmpl-7Gw4hW4nENSASr5OKkzarhG5SotHm,gpt-3.5-turbo-0301,1684270843,stop,Concern over future,Concern over future,The answer suggests concern over the survival of the organization.,28,416,444,5.60E-05,0.000832,0.000888,4
99,chatcmpl-7Gw4k4duUX8K5KmjxdzMdiJki9OR3,gpt-3.5-turbo-0301,1684270846,stop,Speed,Speed,The member is concerned about the speed of the renewal process.,27,448,475,5.40E-05,0.000896,0.00095,4
100,chatcmpl-7Gw4nsrJlnxbpWZ6D1TDbukPVF7Qg,gpt-3.5-turbo-0301,1684270849,stop,Member inclusion,Member inclusion,The answer suggests a need to involve and engage member organizations in the CompanyX's work.,34,416,450,6.80E-05,0.000832,0.0009,4
101,chatcmpl-7Gw4rN0gs1pSFE5DjbQDFRDoSBAx0,gpt-3.5-turbo-0301,1684270853,stop,Approval,Transparency,The member is expressing a need for more transparency in the CompanyX's processes.,32,427,459,6.40E-05,0.000854,0.000918,4
102,chatcmpl-7Gw4wb3aXNKQCACdZtGRkOhxVUzES,gpt-3.5-turbo-0301,1684270858,stop,Approval,Member inclusion,The member's answer emphasizes the importance of engaging with staff and gathering feedback.,31,442,473,6.20E-05,0.000884,0.000946,4
103,chatcmpl-7Gw4zatFsqhwZ81b9PtimDBlvE8Uz,gpt-3.5-turbo-0301,1684270861,stop,Other,Leading by example,The member's response suggests the importance of internal motivation and setting an example.,32,414,446,6.40E-05,0.000828,0.000892,4
104,chatcmpl-7Gw54LYstRCg7BZJILXJSBkUVmpFA,gpt-3.5-turbo-0301,1684270866,stop,Leading by example,Leading by example,"Member suggests leaders should set an example through their own behaviour, eg kindness, thoughtful, caring, intuitive, creative, feminine, emotional, feeling.",46,548,594,9.20E-05,0.001096,0.001188,4
105,chatcmpl-7Gw59HMFPIupZa3ixapU5GVvX4Utk,gpt-3.5-turbo-0301,1684270871,stop,Approval,Approval,The member participant's response shows approval of the CompanyX's proposal for cultural renewal.,32,411,443,6.40E-05,0.000822,0.000886,4
106,chatcmpl-7Gw5Cpf50FLl3GueVTSXDtav5zG4k,gpt-3.5-turbo-0301,1684270874,stop,CBI purpose,Leading by example,Member suggests CompanyX should model modern business and address societal responsibility in all actions.,33,507,540,6.60E-05,0.001014,0.00108,4
107,chatcmpl-7Gw5GVk3RDoPVdUQPVnDGeqIyJZWx,gpt-3.5-turbo-0301,1684270878,stop,More detail needed,More detail needed,Member wants more specific information on proposed changes,26,422,448,5.20E-05,0.000844,0.000896,4
108,chatcmpl-7Gw5J8YWc4SkatWEkTRE6AATjkU7q,gpt-3.5-turbo-0301,1684270881,stop,More detail needed,Disappointment in previous processes,The member expresses disappointment in previous processes and the need for a comprehensive review to regain credibility and influence.,39,447,486,7.80E-05,0.000894,0.000972,4
109,chatcmpl-7Gw5N5V2rCLQAUhLOXhFs8OJpYJup,gpt-3.5-turbo-0301,1684270885,stop,Support for staff,Member inclusion,"The answer highlights the need for equal voice for younger employees, falls under member inclusion.",33,433,466,6.60E-05,0.000866,0.000932,4
110,chatcmpl-7GwAW0rPXRGEDCxELTxwVFWZvvUmK,gpt-3.5-turbo-0301,1684271204,stop,More detail needed,Member inclusion,The member is suggesting the need to consider regional differences in cultural renewal.,30,420,450,6.00E-05,0.00084,0.0009,4
111,chatcmpl-7GwAa15IGaDgkCTqE1iInSczMBgXW,gpt-3.5-turbo-0301,1684271208,stop,Leading by example,Leading by example,The member's response suggests a desire for the CompanyX to set an example of best practice and establish a strong foundation for growth.,43,494,537,8.60E-05,0.000988,0.001074,4
112,chatcmpl-7GwAeQRGuRvRek06UM6g0R3xFMkQu,gpt-3.5-turbo-0301,1684271212,stop,CBI purpose,Other,The response does not relate to any of the listed topics.,27,445,472,5.40E-05,0.00089,0.000944,4
113,chatcmpl-7GwAhYypixyUyeKv370coHN9ITnAs,gpt-3.5-turbo-0301,1684271215,stop,Approval,Concern over future,"The member expresses concern over the damage to the CompanyX's brand and organization, indicating worry about the future.",39,440,479,7.80E-05,0.00088,0.000958,4
114,chatcmpl-7GwAmEgWxNL6Jq7rMHo2tjznJvwiO,gpt-3.5-turbo-0301,1684271220,stop,Approval,More detail needed,The member is interested in hearing more details about the proposed cultural renewal.,31,423,454,6.20E-05,0.000846,0.000908,4
115,chatcmpl-7GwApeiEElBLoNOtDpdX1LXo5b7E6,gpt-3.5-turbo-0301,1684271223,stop,Disappointment in previous processes,Concern over future,Member expresses concern over CompanyX's handling of issues and hopes for improvements in the future.,35,548,583,7.00E-05,0.001096,0.001166,4
116,chatcmpl-7GwAtVdnuMw7ClzY6NOAfOzWRatwv,gpt-3.5-turbo-0301,1684271227,stop,Disappointment in previous processes,Transparency,The member is highlighting the need for more transparency and accountability in the CompanyX's governance processes.,35,439,474,7.00E-05,0.000878,0.000948,4
117,chatcmpl-7GwAxMpLNXdz6vqWvYonmJXyCDcyM,gpt-3.5-turbo-0301,1684271231,stop,Disappointment in previous processes,Member inclusion,The member is suggesting that HR and cultural change is crucial for people to feel safe to raise concerns.,36,442,478,7.20E-05,0.000884,0.000956,3
118,chatcmpl-7GwB1GU10joeDlTnCrnorzZ4VEpuA,gpt-3.5-turbo-0301,1684271235,stop,Disappointment in previous processes,Concern over trust,Member expresses concern over trust in CompanyX and questions why culture was not fit for purpose previously.,36,515,551,7.20E-05,0.00103,0.001102,5
119,chatcmpl-7GwB5e0KSKcqwcO3WxKExC9nszswo,gpt-3.5-turbo-0301,1684271239,stop,Transparency,Transparency,The member emphasizes the importance of public statements and independent reviews to demonstrate change and address concerns.,34,472,506,6.80E-05,0.000944,0.001012,4
120,chatcmpl-7GwB98gVl6MrCFkOURwCJ9bZfwwC2,gpt-3.5-turbo-0301,1684271243,stop,Approval,Approval,Positive feedback on the CompanyX's proposed cultural renewal.,26,417,443,5.20E-05,0.000834,0.000886,4
121,chatcmpl-7GwBCcrOGpsiSTpaAufFB2ZVWYJqt,gpt-3.5-turbo-0301,1684271246,stop,Approval,Approval,The member participant approves of the CompanyX's proposal for cultural renewal.,29,449,478,5.80E-05,0.000898,0.000956,4
122,chatcmpl-7GwBFMC8XQyScICfSvjZEBKmeLKHy,gpt-3.5-turbo-0301,1684271249,stop,Other,Disappointment in previous processes,The member expresses disappointment in lack of external activity and suggests a refund.,33,437,470,6.60E-05,0.000874,0.00094,4
123,chatcmpl-7GwBJn7sNzSOkxEEpeTaSJMNQqgki,gpt-3.5-turbo-0301,1684271253,stop,Leading by example,Leading by example,Member praises female-led NI team for being brilliant,27,477,504,5.40E-05,0.000954,0.001008,3
124,chatcmpl-7GwBM2MKdZepCg9pZSZyYhBurBUhu,gpt-3.5-turbo-0301,1684271256,stop,Member inclusion,Member inclusion,The member is suggesting that the CompanyX should also consider the older cohort of independent business owners and managers in future.,39,439,478,7.80E-05,0.000878,0.000956,5
125,chatcmpl-7GwBR0Y2LBDQQHIrMLTKKOPqmF5G6,gpt-3.5-turbo-0301,1684271261,stop,Approval,Approval,Member approves of CompanyX's proposal for cultural renewal and implementation of recommendations.,30,440,470,6.00E-05,0.00088,0.00094,4
126,chatcmpl-7GwBVEdqoAput6dPVgxVs2vui3Oxk,gpt-3.5-turbo-0301,1684271265,stop,Approval,Approval,The member participant approves of the CompanyX's proposal for cultural renewal.,29,416,445,5.80E-05,0.000832,0.00089,8
127,chatcmpl-7GwBYDxcVkFusHYK4dV07qW9xrV3j,gpt-3.5-turbo-0301,1684271268,stop,Other,CBI purpose,The member is suggesting the importance of having a clear purpose and direction for the CompanyX.,35,436,471,7.00E-05,0.000872,0.000942,4
128,chatcmpl-7GwBck5dQVoM6lX2skXzAwC7nJUFp,gpt-3.5-turbo-0301,1684271272,stop,Approval,Approval,The member supports the CompanyX's proposal for cultural renewal.,27,412,439,5.40E-05,0.000824,0.000878,4
129,chatcmpl-7GwBgKKrZJGbhskxOulTe3rK5CEyM,gpt-3.5-turbo-0301,1684271276,stop,Approval,Trust,The member expresses confidence in the CompanyX's ability to prevent future allegations.,30,430,460,6.00E-05,0.00086,0.00092,4
130,chatcmpl-7GwBk8QQw9WZCELkGKGFnjJyRGNLc,gpt-3.5-turbo-0301,1684271280,stop,Disappointment in previous processes,Disappointment in previous processes,The member expresses disappointment in the previous processes and lack of systems in place.,34,458,492,6.80E-05,0.000916,0.000984,4
131,chatcmpl-7GwBoJqGeLkJbvv13VDSSYDeIo2Rv,gpt-3.5-turbo-0301,1684271284,stop,Approval,New leadership,Member mentions new appointment and need for continued plan,26,438,464,5.20E-05,0.000876,0.000928,5
132,chatcmpl-7GwBsNICajFAQ1ojJQbVamOaUd7hP,gpt-3.5-turbo-0301,1684271288,stop,Outside input,Outside input,The member is commenting on the use of an external expert group and their role in the process.,35,481,516,7.00E-05,0.000962,0.001032,4
133,chatcmpl-7GwBvKnRyVHXZoYLPW7zwhFsvAa1Y,gpt-3.5-turbo-0301,1684271291,stop,Transparency,Transparency,Member emphasizes the importance of explaining decisions to build trust in the organization.,30,497,527,6.00E-05,0.000994,0.001054,4
134,chatcmpl-7GwBzu79IUEXWjnKVWX5EWRiKUWuE,gpt-3.5-turbo-0301,1684271295,stop,More detail needed,Leading by example,"The member suggests bold and swift actions to show change, indicating a need for leading by example.",36,436,472,7.20E-05,0.000872,0.000944,5
135,chatcmpl-7GwC3o0TNc6F3W1J2Fgl7mIYxNknd,gpt-3.5-turbo-0301,1684271299,stop,Disappointment in previous processes,Needs processes,The member is suggesting that there should be established processes in place to manage common business risks.,34,452,486,6.80E-05,0.000904,0.000972,4
136,chatcmpl-7GwC7yb1KGAaSY2AUkwUJ1M5em6r0,gpt-3.5-turbo-0301,1684271303,stop,Support for staff,More detail needed,Member requests more information and transparency on how CompanyX will implement proposed changes and evaluate progress post-EGM.,39,516,555,7.80E-05,0.001032,0.00111,4
137,chatcmpl-7GwCBe2kaqyCMnZzGbgPAXmLCYGW6,gpt-3.5-turbo-0301,1684271307,stop,More detail needed,More detail needed,The member expresses support for cultural renewal but requests more information on the proposal.,32,481,513,6.40E-05,0.000962,0.001026,3
138,chatcmpl-7GwCESOB4pOk8BPgbO6WAAlPCTjhn,gpt-3.5-turbo-0301,1684271310,stop,Concern over future,Concern over future,Member expresses concern over the future of the CompanyX and its ability to rebuild trust with businesses and government.,38,450,488,7.60E-05,0.0009,0.000976,3
139,chatcmpl-7GwCIZjynbYKjqTGf8J5Pa9esjg1T,gpt-3.5-turbo-0301,1684271314,stop,Outside input,Leading by example,Member praises CompanyX's commitment to learning from employees and implementing expert advice.,32,483,515,6.40E-05,0.000966,0.00103,4
140,chatcmpl-7GwCMURE4ztob3Dhnvz0JDWcbJWN8,gpt-3.5-turbo-0301,1684271318,stop,More detail needed,More detail needed,The member expresses a need for more information and consideration before making a decision on the proposed cultural renewal.,37,452,489,7.40E-05,0.000904,0.000978,3
141,chatcmpl-7GwCQQR88ZALmVKWlkQpHjNfHmdnk,gpt-3.5-turbo-0301,1684271322,stop,Needs processes,Needs processes,The member is highlighting a failure in processes and policies for raising concerns.,30,464,494,6.00E-05,0.000928,0.000988,3
142,chatcmpl-7GwCUj67zTcFGPmDz1c5OxhvZ19uo,gpt-3.5-turbo-0301,1684271326,stop,Other,Concerns over effectiveness,Member expresses concern over the effectiveness of the Chief People Officer role and suggests a focus on culture.,37,548,585,7.40E-05,0.001096,0.00117,4
143,chatcmpl-7GwCZkN3egWInQKOmPbVclyHjsnj2,gpt-3.5-turbo-0301,1684271331,stop,Approval,Member inclusion,"The member's response emphasizes the importance of reflecting society as a whole, indicating a focus on member inclusion.",37,433,470,7.40E-05,0.000866,0.00094,4
144,chatcmpl-7GwCd89YqVD3exCD8QF1F5BzHw78N,gpt-3.5-turbo-0301,1684271335,stop,Leading by example,Leading by example,The member's response shows support for CompanyX's proposal to act as an exemplar for improving UK business culture.,40,443,483,8.00E-05,0.000886,0.000966,4
145,chatcmpl-7GwChpIzk1ywOhlXCuKCyzoFfRg7T,gpt-3.5-turbo-0301,1684271339,stop,Disappointment in previous processes,Concern over future,The answer expresses concern about changing established habits and mindsets.,29,432,461,5.80E-05,0.000864,0.000922,4
146,chatcmpl-7GwClrTPxhU68EdEONqcAi1ENdyAg,gpt-3.5-turbo-0301,1684271343,stop,Support for staff,Support for staff,The member is expressing concern about staff engagement and openness to the cultural renewal process.,33,458,491,6.60E-05,0.000916,0.000982,4
147,chatcmpl-7GwCooIUU3WLxI6lnkpZydyjSR3E8,gpt-3.5-turbo-0301,1684271346,stop,Support for staff,Member inclusion,The member is expressing concern for employee expression and inclusion in the process.,30,457,487,6.00E-05,0.000914,0.000974,5
148,chatcmpl-7GwCsy2CJ8tnXL4VPl6npQblRzPNj,gpt-3.5-turbo-0301,1684271350,stop,More detail needed,Needs processes,"The member's response suggests a focus on the lack of emphasis on treating people with dignity and respect, indicating a need for more processes.",43,472,515,8.60E-05,0.000944,0.00103,4
149,chatcmpl-7GwCweeZ3LrC774DL6K273elOG8RO,gpt-3.5-turbo-0301,1684271354,stop,Outside input,Trust,Member expresses need for tangible changes to trust CompanyX's cultural renewal proposal.,30,445,475,6.00E-05,0.00089,0.00095,4
150,chatcmpl-7GwD0TihG3ROAiuvPXDlWFjlICFv4,gpt-3.5-turbo-0301,1684271358,stop,Needs processes,Transparency,The member's response suggests a need for clear governance measures and reporting access options.,32,425,457,6.40E-05,0.00085,0.000914,4
151,chatcmpl-7GwD3ZZiytIJV9TqKMlyl0RCvDszO,gpt-3.5-turbo-0301,1684271361,stop,Approval,Support for staff,The member's response shows a desire to support the CompanyX and be supported in return.,35,425,460,7.00E-05,0.00085,0.00092,4
152,chatcmpl-7GwD8UiMe15gpOb6TG29uta9yli89,gpt-3.5-turbo-0301,1684271366,stop,Approval,Approval,The member participant approves of the CompanyX's proposal for cultural renewal.,29,409,438,5.80E-05,0.000818,0.000876,4
153,chatcmpl-7GwDCHqDAlJHfDogw0fuWxalSkfnj,gpt-3.5-turbo-0301,1684271370,stop,Outside input,Outside input,The member suggests seeking external legal and ethics advice for the situation.,29,438,467,5.80E-05,0.000876,0.000934,4
154,chatcmpl-7GwDF8oMGtfgJuD7uPxqKmYUS0xTv,gpt-3.5-turbo-0301,1684271373,stop,More detail needed,More detail needed,Member requests more information on implementation of proposals,26,453,479,5.20E-05,0.000906,0.000958,3
155,chatcmpl-7GwDJkTcHaPDg4MkejJzqq7E2eAMP,gpt-3.5-turbo-0301,1684271377,stop,More detail needed,Concern over future,The member expresses concern over the future of the CompanyX and its ability to provide leadership for UK Business and Industry.,40,442,482,8.00E-05,0.000884,0.000964,4
156,chatcmpl-7GwDNX31A2yvgoBDGoXiOvgajHcaE,gpt-3.5-turbo-0301,1684271381,stop,Other,CBI purpose,The comment suggests a concern over the CompanyX's approach and purpose.,31,414,445,6.20E-05,0.000828,0.00089,3
157,chatcmpl-7GwDQ0GWY3oJv48B04Ti3lanjhRyN,gpt-3.5-turbo-0301,1684271384,stop,Transparency,More detail needed,The member suggests that more information and communication is needed regarding the legal advice and its implementation.,35,485,520,7.00E-05,0.00097,0.00104,5
158,chatcmpl-7GwDUvC902FqmSCsgpQEwojF9k2xN,gpt-3.5-turbo-0301,1684271388,stop,Approval,Approval,The member participant approves of the CompanyX's proposal for cultural renewal.,29,427,456,5.80E-05,0.000854,0.000912,4
159,chatcmpl-7GwDXGaVUuXWLcbMCE7xsEPbRbhJM,gpt-3.5-turbo-0301,1684271391,stop,Other,Disappointment in previous processes,The member's comment suggests dissatisfaction with past procedures or actions.,31,411,442,6.20E-05,0.000822,0.000884,4
160,chatcmpl-7GwDbfjJcMoZZx9zPyxi2YIqIjlwm,gpt-3.5-turbo-0301,1684271395,stop,Approval,Approval,Positive response to CompanyX's proposal for cultural renewal.,26,421,447,5.20E-05,0.000842,0.000894,4
161,chatcmpl-7GwDe6h8prSV3ezQGPUFrYLbGKWH7,gpt-3.5-turbo-0301,1684271398,stop,Leading by example,CBI purpose,The member's response relates to the CompanyX's purpose and focus.,31,437,468,6.20E-05,0.000874,0.000936,5
162,chatcmpl-7GwDiFeal4SiFgYhffHY3cD6GbEzI,gpt-3.5-turbo-0301,1684271402,stop,CBI purpose,Concern over future,The member is expressing concern over potential loss of employee health and well-being initiative.,33,480,513,6.60E-05,0.00096,0.001026,4
163,chatcmpl-7GwDlDstQxPhnSvkeFnF84OxAmXgJ,gpt-3.5-turbo-0301,1684271405,stop,Leading by example,Outside input,The member participant provides an outside perspective on the CompanyX's proposal and acknowledges the need for cultural renewal.,37,539,576,7.40E-05,0.001078,0.001152,4
164,chatcmpl-7GwDpfTfs4Z4pIjTvuUE9i2FWjwKs,gpt-3.5-turbo-0301,1684271409,stop,Support for staff,Member inclusion,"The answer suggests involving staff, board and members in defining cultural identity and moving towards it.",34,425,459,6.80E-05,0.00085,0.000918,4
165,chatcmpl-7GwDtVRgj7IdxQwMewiAMQjWpP5td,gpt-3.5-turbo-0301,1684271413,stop,Needs processes,Concerns over effectiveness,Member expresses doubt about success of proposed processes for cultural renewal.,30,461,491,6.00E-05,0.000922,0.000982,4
166,chatcmpl-7GwDx7YSKEkQozdoMDHK0JjZUJzkm,gpt-3.5-turbo-0301,1684271417,stop,Member inclusion,Member inclusion,The member is suggesting that the CompanyX should extend its cultural renewal efforts to include volunteers and members.,36,443,479,7.20E-05,0.000886,0.000958,4
167,chatcmpl-7GwE13VqbSlcSiefYEaFqcGcrQVfd,gpt-3.5-turbo-0301,1684271421,stop,Needs processes,Needs processes,The member's response suggests a need for review and improvement of governance structures and processes.,33,437,470,6.60E-05,0.000874,0.00094,4
168,chatcmpl-7GwE45EBrnmqPJ8xNyMk7vhF0uLn3,gpt-3.5-turbo-0301,1684271424,stop,Concern over future,Disappointment in previous processes,The member expresses disappointment in previous behaviors and suggests cultural renewal alone may not be enough.,36,443,479,7.20E-05,0.000886,0.000958,4
169,chatcmpl-7GwE9hjdMCIEBVS8RAnaBjwqxHA34,gpt-3.5-turbo-0301,1684271429,stop,Support for staff,Leading by example,The member emphasizes the importance of leadership setting the culture and being open to feedback.,33,430,463,6.60E-05,0.00086,0.000926,4
170,chatcmpl-7GwED4XYOtTO2jkTH4DKwx8J2w5Kv,gpt-3.5-turbo-0301,1684271433,stop,More detail needed,Leading by example,"The answer suggests the importance of clear and inspiring leadership, which falls under the topic of Leading by example.",38,427,465,7.60E-05,0.000854,0.00093,4
171,chatcmpl-7GwEHJOt6NiNg92iNVqPqOHNQJzIg,gpt-3.5-turbo-0301,1684271437,stop,New leadership,New leadership,The comment suggests a need for significant change and resignation of current leadership.,30,430,460,6.00E-05,0.00086,0.00092,4
172,chatcmpl-7GwEKNLUm0CbJ4buP4kyfJtvc5Rab,gpt-3.5-turbo-0301,1684271440,stop,Disappointment in previous processes,Disappointment in previous processes,Member expresses disappointment with CompanyX's past behavior and lack of alignment with stated values.,36,504,540,7.20E-05,0.001008,0.00108,3
173,chatcmpl-7GwEOW8KC4EgKyiYoNEFqoojOhWZx,gpt-3.5-turbo-0301,1684271444,stop,Transparency,Transparency,"The member emphasizes the importance of transparency for the CompanyX's future viability and relationships with members, business, and government.",40,429,469,8.00E-05,0.000858,0.000938,5
174,chatcmpl-7GwESPQp1MkJiNwWRyQihL9pCxePC,gpt-3.5-turbo-0301,1684271448,stop,Speed,Trust,"The member expresses a desire for trust to be rebuilt, indicating a concern over trust in the CompanyX.",36,431,467,7.20E-05,0.000862,0.000934,4
175,chatcmpl-7GwEWXaojG2Y7AssjJzbSgFOybisy,gpt-3.5-turbo-0301,1684271452,stop,Transparency,Transparency,The member is emphasizing the need for complete transparency in the CompanyX's proposal for cultural renewal.,35,493,528,7.00E-05,0.000986,0.001056,4
176,chatcmpl-7GwEaN9GVTCeblixmIXqqjsaS76Md,gpt-3.5-turbo-0301,1684271456,stop,CBI purpose,Trust,Member emphasizes the need for CompanyX to regain trust and confidence in its integrity and purpose.,33,517,550,6.60E-05,0.001034,0.0011,4
177,chatcmpl-7GwEektfkUTMpLGYrZ1mpHNvRMwhV,gpt-3.5-turbo-0301,1684271460,stop,Approval,Support for staff,"The member's response shows support for the CompanyX's proposal and wishes them luck, indicating a concern for the well-being of staff.",44,420,464,8.80E-05,0.00084,0.000928,4
178,chatcmpl-7GwEitLujpt02RFNUHT2HrqkSIWd9,gpt-3.5-turbo-0301,1684271464,stop,Approval,Member inclusion,"The answer emphasizes the importance of people in the business, indicating a desire for member inclusion in decision-making.",37,443,480,7.40E-05,0.000886,0.00096,6
179,chatcmpl-7GwEm7S9d4u4Y6xLfTpIkhZFASsYA,gpt-3.5-turbo-0301,1684271468,stop,Outside input,Outside input,The member acknowledges the involvement of independent partners in the review and plan for change.,32,434,466,6.40E-05,0.000868,0.000932,4
180,chatcmpl-7GwEqwD89KnrARFmQAERJGKr7zKea,gpt-3.5-turbo-0301,1684271472,stop,Approval,Approval,The member participant approves of the CompanyX's approach to the situation.,29,420,449,5.80E-05,0.00084,0.000898,4
181,chatcmpl-7GwEtO0oAohnGI8UXBMlXAxGKfFmJ,gpt-3.5-turbo-0301,1684271475,stop,Approval,Approval,The member participant's response indicates overall support for the CompanyX's proposal for cultural renewal.,33,411,444,6.60E-05,0.000822,0.000888,4
182,chatcmpl-7GwExsxkrtpgsQGIbzZ9RCl55YMR6,gpt-3.5-turbo-0301,1684271479,stop,More detail needed,Member inclusion,The member suggests involving sister associations and defining purpose and values with staff to create a unified mission.,35,454,489,7.00E-05,0.000908,0.000978,4
183,chatcmpl-7GwF1iMxHJYfEob5HNjvlGY5GhNPs,gpt-3.5-turbo-0301,1684271483,stop,Leading by example,Leading by example,The member is suggesting clear expectations and standards of behavior for representing the company.,32,426,458,6.40E-05,0.000852,0.000916,4
184,chatcmpl-7GwF4Ybmv7hJHTnjvq3Dhr5Gm60qv,gpt-3.5-turbo-0301,1684271486,stop,More detail needed,Concerns over effectiveness,The member is expressing concern over the effectiveness of the proposed cultural renewal.,32,428,460,6.40E-05,0.000856,0.00092,3
185,chatcmpl-7GwF8mPJhzmmygkPOi8NuDpaFuYFg,gpt-3.5-turbo-0301,1684271490,stop,Leading by example,Leading by example,"The member suggests that the CompanyX should become a beacon for best practice in HR, Culture and Governance.",38,446,484,7.60E-05,0.000892,0.000968,5
186,chatcmpl-7GwFC2qH4DcAwHy4Cmktlnzi9Wd3m,gpt-3.5-turbo-0301,1684271494,stop,Approval,Other,The answer does not fit into any of the listed topics.,27,409,436,5.40E-05,0.000818,0.000872,4
187,chatcmpl-7GwFGWTfVk88qqDzj4bp53LHNGyHC,gpt-3.5-turbo-0301,1684271498,stop,Approval,Needs processes,The member's response suggests a need for clearer processes or guidelines.,29,410,439,5.80E-05,0.00082,0.000878,4
188,chatcmpl-7GwFJMkOyeFzSJ7RPCftJGyuO28zZ,gpt-3.5-turbo-0301,1684271501,stop,Approval,Approval,The member is generally supportive of the CompanyX's proposal for cultural renewal.,30,422,452,6.00E-05,0.000844,0.000904,3
189,chatcmpl-7GwFNzvnn7auxK1ccLEW8KiIXD1cw,gpt-3.5-turbo-0301,1684271505,stop,Disappointment in previous processes,Disappointment in previous processes,"The member expresses disappointment in the need for a complete review of culture, suggesting dissatisfaction with previous processes.",39,442,481,7.80E-05,0.000884,0.000962,5
190,chatcmpl-7GwFRtkeVqE4K54oHMvK2U3WPLZch,gpt-3.5-turbo-0301,1684271509,stop,Approval,Approval,Positive feedback on CompanyX's proposal for cultural renewal.,26,414,440,5.20E-05,0.000828,0.00088,4
191,chatcmpl-7GwFUNPiLOjwaifdmdpwvBsnpMC2L,gpt-3.5-turbo-0301,1684271512,stop,Approval,More detail needed,The member's response suggests a need for more information or clarification on the proposals.,33,414,447,6.60E-05,0.000828,0.000894,4
192,chatcmpl-7GwFYVVtShkWkUGfmi52chcwbjUCS,gpt-3.5-turbo-0301,1684271516,stop,Needs processes,Leading by example,The member emphasizes the importance of leadership and management in improving culture.,30,457,487,6.00E-05,0.000914,0.000974,4
193,chatcmpl-7GwFbiFUPXzcDichVohZpwq7Uy7as,gpt-3.5-turbo-0301,1684271519,stop,Approval,Approval,The member's response shows approval of the CompanyX's proposal for cultural renewal.,31,415,446,6.20E-05,0.00083,0.000892,4
194,chatcmpl-7GwFf58o22F8KXMes8sxlxYQ4xbHq,gpt-3.5-turbo-0301,1684271523,stop,Approval,Approval,The member's response shows approval of the CompanyX's proposal for cultural renewal.,31,412,443,6.20E-05,0.000824,0.000886,4
195,chatcmpl-7GwFirpMXKrnF4Z9sW2i4gzMZ6TlO,gpt-3.5-turbo-0301,1684271526,stop,Approval,Approval,Member agrees with the approach taken by CompanyX for cultural renewal.,28,416,444,5.60E-05,0.000832,0.000888,4
196,chatcmpl-7GwFmITxXvYavqfVbuBUUp8JC1hPY,gpt-3.5-turbo-0301,1684271530,stop,Approval,Approval,The member participant approves of the CompanyX's proposal for cultural renewal.,29,413,442,5.80E-05,0.000826,0.000884,4
197,chatcmpl-7GwFp4vY2btfpHqMjJOoS4u6w2krK,gpt-3.5-turbo-0301,1684271533,stop,More detail needed,Concern over future,The answer suggests a concern over the future credibility of the CompanyX's proposals.,33,416,449,6.60E-05,0.000832,0.000898,4
198,chatcmpl-7GwFt5VwwnnO7X1seLHCxxT0qvCcw,gpt-3.5-turbo-0301,1684271537,stop,Approval,Approval,The member participant expresses strong support for the CompanyX's proposal for cultural renewal.,31,418,449,6.20E-05,0.000836,0.000898,4
199,chatcmpl-7GwFxyLPjJ06CcGdKm2vhKzDiorMg,gpt-3.5-turbo-0301,1684271541,stop,Approval,Concern over future,The member expresses concern over recent events and their impact on the future of the CompanyX.,35,419,454,7.00E-05,0.000838,0.000908,5
200,chatcmpl-7GwG1xHefu34jD0fluMAd0SjXAz1f,gpt-3.5-turbo-0301,1684271545,stop,Approval,More detail needed,The answer suggests a need for more information or clarity on the proposal.,31,412,443,6.20E-05,0.000824,0.000886,5
201,chatcmpl-7GwG54sZLhXhYEIttVsGV42cobS5o,gpt-3.5-turbo-0301,1684271549,stop,Outside input,CBI purpose,"The answer mentions the need for a more focused and accountable CompanyX, which aligns with the topic of CompanyX purpose.",42,430,472,8.40E-05,0.00086,0.000944,4
202,chatcmpl-7GwG9UoKOsq4UEqMEMtR9nWDE07qe,gpt-3.5-turbo-0301,1684271553,stop,Approval,CBI purpose,The member's response suggests a desire for a review of the organization's purpose and culture.,35,420,455,7.00E-05,0.00084,0.00091,4
203,chatcmpl-7GwGDN3V2FldeMr7pJxcZUhlfImMB,gpt-3.5-turbo-0301,1684271557,stop,New leadership,New leadership,The answer suggests a need for significant change and overhaul of the organization.,30,418,448,6.00E-05,0.000836,0.000896,4
204,chatcmpl-7GwGH1W2THof06PQDpzfoQcpcLknM,gpt-3.5-turbo-0301,1684271561,stop,More detail needed,More detail needed,The member's response suggests a need for more specific information or clarification.,31,417,448,6.20E-05,0.000834,0.000896,5
205,chatcmpl-7GwGLUiCPZzBGDe45g9zJQyAsJpr5,gpt-3.5-turbo-0301,1684271565,stop,More detail needed,More detail needed,The member wants more information on how the CompanyX plans to implement cultural renewal and ensure best-in-class governance.,39,727,766,7.80E-05,0.001454,0.001532,5
